year,revenue,gross_profit,operating_income,net_income,assets,current_assets,cash,receivables,inventory,liabilities,current_liabilities,equity,cfo,avg_assets,avg_equity,revenue_growth,gross_margin,operating_margin,net_margin,roa,roe,current_ratio,debt_ratio,equity_ratio,cfo_net_income,total_asset_turnover
2016,55367033000000.0,13736740000000.0,1337763000000.0,126315000000.0,37855269000000.0,16990563000000.0,3015137000000.0,7059889000000.0,5171015000000.0,24498527000000.0,15744364000000.0,13356742000000.0,3157990000000.0,,,,0.24810323500628975,0.02416172454102787,0.002281411756342443,,,1.0791520699089527,1.8341693655533662,0.35283706476897575,25.000910422356807,
2017,61396284000000.0,14658721000000.0,2468549000000.0,1869518000000.0,41220959000000.0,19194969000000.0,3350597000000.0,8178213000000.0,5908437000000.0,26547275000000.0,17536470000000.0,14673684000000.0,2166270000000.0,39538114000000.0,14015213000000.0,0.10889604649756102,0.23875583414787774,0.0402068144710517,0.03045001876660809,0.047283944803234675,0.13339205048114502,1.0945742786319026,1.809175868854747,0.35597628866422054,1.1587318228548749,1.5528379527662852
2018,61341664000000.0,15081044000000.0,2703291000000.0,1472814000000.0,44328443000000.0,19362854000000.0,4270388000000.0,6371594000000.0,6021356000000.0,28021536000000.0,17135029000000.0,16306907000000.0,4541566000000.0,42774701000000.0,15490295500000.0,-0.0008896303887055979,0.2458531936792585,0.04406941096348479,0.024010010553349188,0.03443189468466419,0.09507978721258094,1.130015828978171,1.718384485788752,0.36786554853731274,3.0835977930682352,1.43406412121969
2019,62306175000000.0,15335569000000.0,2436139000000.0,179948000000.0,44859875000000.0,19753485000000.0,4777368000000.0,6360288000000.0,5863418000000.0,28434737000000.0,17657916000000.0,16425138000000.0,3689164000000.0,44594159000000.0,16366022500000.0,0.015723587152771,0.24613240982936282,0.039099479305221355,0.0028881246521713136,0.004035236991463389,0.010995218905509876,1.1186758958418423,1.7311718781297303,0.36614319589610983,20.50127814702025,1.397182420235798
2020,63262046000000.0,16316943000000.0,3194987000000.0,2063790000000.0,48204227000000.0,23239420000000.0,5896309000000.0,7154932000000.0,7447157000000.0,30662102000000.0,20207492000000.0,17542125000000.0,4628576000000.0,46532051000000.0,16983631500000.0,0.015341513100427084,0.2579262611898452,0.050504009939861885,0.03262287786266034,0.04435201018755868,0.12151641420152104,1.1500397971207907,1.7479126388621675,0.3639125879977289,2.242755319097389,1.3595370210524353
2021,74721629000000.0,18872877000000.0,3863774000000.0,1414972000000.0,53481478000000.0,27487763000000.0,6051516000000.0,8166459000000.0,9754018000000.0,33383445000000.0,23619899000000.0,20098033000000.0,2677382000000.0,50842852500000.0,18820079000000.0,0.18114467875414597,0.2525758237952762,0.05170891014702048,0.018936578590919104,0.027830303187650614,0.07518416899312697,1.163754468213433,1.661030460045518,0.3757942703079373,1.8921801986187712,1.4696584736271436
2022,83467318000000.0,20236230000000.0,3550972000000.0,1863123000000.0,55156141000000.0,27488228000000.0,6322360000000.0,8216512000000.0,9388808000000.0,32664144000000.0,22332549000000.0,22491997000000.0,3107839000000.0,54318809500000.0,21295015000000.0,0.11704360728002872,0.24244495312524597,0.04254326226224257,0.022321586995283593,0.0342997760287806,0.08749103956958941,1.2308594061519802,1.4522562847576408,0.40778772031930227,1.6680804219581853,1.53661906010661
2023,84227765000000.0,19802655000000.0,3549074000000.0,,60240793000000.0,30341209000000.0,8487563000000.0,9265022000000.0,9125404000000.0,36742257000000.0,24160380000000.0,23498536000000.0,5913596000000.0,57698467000000.0,22995266500000.0,0.00911071564561361,0.23510839923153606,0.04213662798722013,,,,1.2558249911632184,1.5635977066826632,0.39007680393583133,,1.4597920773181028
2024,87728182000000.0,21379234000000.0,3419675000000.0,591365000000.0,65629589000000.0,33923517000000.0,7573036000000.0,10535614000000.0,10729360000000.0,40417925000000.0,27307439000000.0,25211664000000.0,3842661000000.0,62935191000000.0,24355100000000.0,0.041558944369472384,0.24369858707433376,0.038980347273125986,0.00674087831889643,0.009396412255267486,0.024280951422905265,1.242281160089747,1.6031438860997036,0.3841508743868562,6.497951349843159,1.3939447963222993
2025,89200882000000.0,20841658000000.0,2478392000000.0,1220412000000.0,68620167000000.0,34869881000000.0,8769841000000.0,11160680000000.0,11084962000000.0,40068142000000.0,27183160000000.0,28552025000000.0,4280500000000.0,67124878000000.0,26881844500000.0,0.016787079891841472,0.23364856414760563,0.027784388948082373,0.013681613596600984,0.01818121740198917,0.045399116864916024,1.2827751078241088,1.4033380119273502,0.4160879556005744,3.5074220836897703,1.328879614500007
